date,Total PnL,Total Volume USD,Avg Execution price,Total Fees,Number of Treads,value,classification
2023-05-01,0.0,477.0,1898.1333333333332,0.0,3,63,Greed
2023-12-05,0.0,50005.83,11038.3,12.501455,9,75,Extreme Greed
2023-12-14,-205.43473700000007,113203.35,8031.868818181818,28.300831000000002,11,72,Greed
2023-12-15,-24.632033999999997,10609.95,2.982,2.652489,2,70,Greed
2023-12-16,0.0,15348.77,0.3847066666666667,3.8371890000000004,3,67,Greed
2023-12-17,304.982785,116278.02,802.5418592857143,29.069499,14,73,Greed
2023-12-18,0.0,31164.179999999997,2178.1000000000004,7.791045,2,65,Greed
2023-12-19,1000.5386120000001,91602.41,447.8019113333333,22.900596,15,73,Greed
2023-12-20,162.732282,141636.79,6.722871666666666,35.409187,18,74,Greed
2023-12-21,537.211402,125233.97,91.84020408163265,31.308469,49,70,Greed
2023-12-22,141.832675,88874.28,30692.8325,22.218566000000003,10,74,Greed
2023-12-23,146.936704,78438.25,3.0702846153846153,19.609555,13,70,Greed
2023-12-24,1008.619956,402954.94,13680.54118025641,100.738715,39,71,Greed
2023-12-25,-245.081348,59948.51,2275.4,14.987124999999999,3,73,Greed
2023-12-27,-704.8892269999999,171411.06,0.37319214285714286,42.852747,28,73,Greed
2023-12-28,-970.730876,100117.25,0.4032943478260869,25.0293,23,73,Greed
2023-12-29,508.92214299999995,569559.72,3836.17816,142.389901,50,65,Greed
2023-12-30,354.998648,702550.21,13421.615271153847,175.637526,52,68,Greed
2024-01-01,-129.53146,264239.52999999997,10373.330666666667,66.059867,18,65,Greed
2024-01-02,783.979116,121348.74,10199.892598764705,30.337176,17,71,Greed
2024-01-03,866.015507,394499.36,738.8837898507463,98.624811,67,70,Greed
2024-01-04,-67.60364,99792.54000000001,2212.62,24.948132,5,68,Greed
2024-01-05,164.141565,1703942.66,30495.46818181818,425.985639,66,72,Greed
2024-01-06,135.58166400000002,298521.4,6586.107318181818,74.630342,22,70,Greed
2024-01-07,-835.681235,1048850.06,7513.911021649485,262.212464,97,71,Greed
2024-01-08,-269.874439,1522452.43,15078.63093734375,380.613064,128,71,Greed
2024-01-09,-826.349863,870051.97,14127.109546714286,204.012928,70,76,Extreme Greed
2024-01-10,-1517.091342,2057479.48,12914.76879230052,434.044865,193,73,Greed
2024-01-11,-164.08950099999998,305314.1,12141.70542857143,75.867171,21,76,Extreme Greed
2024-01-12,-1925.519024,200082.27,39774.47142857143,49.480726999999995,7,71,Greed
2024-01-15,152.85358,50636.1,16738.085714285717,12.652712,14,52,Neutral
2024-01-16,-2299.171458,116427.33,19105.61008888889,17.319309,9,64,Greed
2024-01-17,813.2741110000001,800831.03,20112.302,159.707606,53,60,Greed
2024-01-18,68.93319,424631.52999999997,24363.11304347826,92.657901,46,63,Greed
2024-01-19,-385.419235,428428.97,14421.93125,93.051868,48,51,Neutral
2024-01-20,-146.57487000000003,1070090.51,14671.724672933962,267.522583,106,52,Neutral
2024-01-21,266.58114600000005,103129.74,19141.940333454546,25.78243,11,56,Greed
2024-01-22,1375.640959,337878.99,6179.383261176471,67.478268,85,55,Greed
2024-01-23,-369.2447299999998,414518.93000000005,11768.913676111111,85.72457,45,50,Neutral
2024-01-24,-2808.353815,965084.59,16861.48394732353,227.771095,68,48,Neutral
2024-01-25,-3093.6293849999997,66566.13,87.95416666666667,16.641532,6,52,Neutral
2024-01-26,90.2,11773.21,0.1198688,0.444235,5,49,Neutral
2024-01-28,-2478.06972,18109.03,16.956,-0.362176,11,54,Neutral
2024-01-29,486.562542,414208.18,15636.855511594595,103.26260500000001,74,55,Greed
2024-01-30,-173.65419100000003,401011.38,27371.991836734695,100.25281,49,61,Greed
2024-01-31,-799.840817,6305647.13,28200.90456028405,1549.411475,859,60,Greed
2024-02-01,0.0,2008.18,0.07612616666666668,0.5020439999999999,6,63,Greed
2024-02-02,456.423473,474278.43,15601.771341142858,91.569636,42,63,Greed
2024-02-03,223.30918699999998,603820.0,29939.640223214286,109.662349,56,60,Greed
2024-02-04,47.62389499999999,203187.53,12108.636457142857,50.52688,35,60,Greed
2024-02-05,-33.45419400000003,770198.26,15958.2223625,165.549465,72,60,Greed
2024-02-06,-215.615907,8047153.41,22118.307961134193,988.606997,1088,64,Greed
2024-02-07,241.24212,6758.73,3.98582,0.339693,15,62,Greed
2024-02-08,770.756024,26051.12,10.0228845,3.0028870000000003,10,66,Greed
2024-02-11,983.443176,212311.82,17890.449081970586,24.955292,34,71,Greed
2024-02-12,913.8817869999998,227247.69999999998,28717.7418125,27.111911,16,70,Greed
2024-02-13,559.44389,1999.99,0.06054285714285714,-0.039992,14,79,Extreme Greed
2024-02-14,3830.599833,320839.88,5443.060992846847,22.917474000000002,111,74,Greed
2024-02-15,1840.797677,185188.04,2750.1658545873015,30.706297,63,72,Greed
2024-02-16,5491.768834,564896.51,696.7813038571429,27.22517,182,72,Greed
2024-02-17,1929.6418,406118.07,3403.646719574468,62.055053,94,76,Extreme Greed
2024-02-18,477.6248299999999,157048.17,3.395497731958763,-3.140925,97,72,Greed
2024-02-19,4317.768563,286377.2,2068.0068288118814,14.85262,101,75,Extreme Greed
2024-02-20,3263.628824,119419.72,2681.8062438974357,3.073675,39,72,Greed
2024-02-21,1858.7985700000002,108047.51999999999,27.589205454545457,2.970629,22,78,Extreme Greed
2024-02-22,3894.1050699999996,373033.87,1175.5737064772727,25.45258,88,74,Greed
2024-02-23,1418.55293,111106.14,725.5068307692308,-2.067069,143,76,Extreme Greed
2024-02-25,-30.7705,4480.13,0.5663259999999999,-0.0896,5,74,Greed
2024-02-26,4416.8473,192187.14,5.614911538461539,-0.09772499999999981,39,72,Greed
2024-02-27,888.511733,209362.3,36.161129396825395,-3.761609,63,79,Extreme Greed
2024-02-28,2503.747235,171107.13,1.2982939111111111,-1.377152,45,82,Extreme Greed
2024-02-29,9813.996992,395666.73,11.306912146551724,1.3590849999999999,116,80,Extreme Greed
2024-03-01,8244.241409,472974.7,2.725657408759124,-0.546854,137,80,Extreme Greed
2024-03-02,230.90060000000005,63197.56,0.8005309032258064,-0.4691290000000001,31,80,Extreme Greed
2024-03-03,8361.086245,390745.68,3.0333498607594938,-2.507103,79,83,Extreme Greed
2024-03-04,27799.775742,1577996.87,419.88134141,-0.559449,300,82,Extreme Greed
2024-03-05,19791.026041,841810.32,0.3816785944444444,-4.438459,180,90,Extreme Greed
2024-03-06,6814.825139,327218.02,1.7171503902439025,-3.355318,82,75,Extreme Greed
2024-03-08,4271.886236,183583.18,2.9131835970149256,-3.6716290000000003,67,81,Extreme Greed
2024-03-09,9949.501624,658178.75,15.9975568974359,1.8517640000000002,117,84,Extreme Greed
2024-03-10,2482.9272,219973.85,34.630716666666665,2.281072,42,79,Extreme Greed
2024-03-11,3588.179495,176519.44999999998,2.647672619047619,8.47289,42,82,Extreme Greed
2024-03-12,3039.166,103040.85,9.235375,4.945953,8,81,Extreme Greed
2024-03-13,0.0,6000.799999999999,3979.957142857143,2.100278,7,81,Extreme Greed
2024-03-14,3465.865832,205933.18,252.0171572222222,11.716792,18,88,Extreme Greed
2024-03-15,6236.513651,351894.41,502.81406972580646,49.485003,62,83,Extreme Greed
2024-03-16,228.57984,37223.66,2750.4022475,10.52828,8,81,Extreme Greed
2024-03-17,503.293955,99506.95,2191.606,33.763329,23,79,Extreme Greed
2024-03-18,1456.9577,90458.08,2238.5484684210523,24.943279999999998,19,77,Extreme Greed
2024-03-19,668.797973,219884.84,575.3537,25.988312,24,79,Extreme Greed
2024-03-20,6423.134599,215705.85,193.64368536231885,39.878838,69,74,Greed
2024-03-21,2335.5080749999997,117895.57,124.34982285714285,16.394750000000002,28,78,Extreme Greed
2024-03-24,1297.018477,92592.20999999999,8.960757894736842,8.888837,19,74,Greed
2024-03-25,1302.916428,57116.32,3582.2999999999997,19.990712,7,75,Extreme Greed
2024-03-26,3215.906593,198565.19,219.49172627118645,28.147402999999997,118,81,Extreme Greed
2024-03-27,150.41114,99864.79,13627.738306315789,31.717952,38,83,Extreme Greed
2024-03-28,227.85100799999998,35323.72,803.983042,9.059229,13,80,Extreme Greed
2024-03-29,883.097404,86914.37,3541.54,30.420029999999997,15,79,Extreme Greed
2024-03-30,1100.57514,101103.92,0.19727666666666666,9.939454,45,75,Extreme Greed
2024-03-31,912.786145,39912.96,3627.730769230769,13.969522000000001,13,75,Extreme Greed
2024-04-01,2507.963406,339470.47,1332.2278167402596,83.751362,77,79,Extreme Greed
2024-04-02,883.760812,239664.50999999998,3060.7089024390243,80.13257399999999,41,79,Extreme Greed
2024-04-03,126.7884,16887.57,8.3283,1.661201,4,71,Greed
2024-04-04,0.0,95987.73,3401.434375,33.595684999999996,32,70,Greed
2024-04-05,10706.484306,503791.8,330.28005890000003,103.430138,100,79,Extreme Greed
2024-04-06,236.33513399999998,68223.67,3328.08125,23.878277,16,75,Extreme Greed
2024-04-07,0.0,49988.14,3398.0043478260873,17.495845,23,78,Extreme Greed
2024-04-08,1218.4267,211940.64,3295.5374166666666,61.790548,30,76,Extreme Greed
2024-04-09,0.0,57063.840000000004,3501.3000000000006,19.972341,3,80,Extreme Greed
2024-04-10,5207.443414,351735.97,3433.4707317073166,123.107562,41,78,Extreme Greed
2024-04-11,389.743164,76400.96,3521.2125,26.740329,16,76,Extreme Greed
2024-04-12,-592.6458390000001,442088.59,555.2924815968992,97.560875,129,79,Extreme Greed
2024-04-13,6621.451755,486411.25,658.6612459887641,118.999176,89,72,Greed
2024-04-14,-36104.012520000004,659162.17,1787.6264255140186,213.477404,107,72,Greed
2024-04-15,3774.08872,291111.19,230.87443634146342,40.650603999999994,41,74,Greed
2024-04-16,2467.702221,181907.17,0.8237938510638297,18.457685,47,65,Greed
2024-04-17,2441.4683999999997,97562.99,4.993378571428572,10.620963,14,67,Greed
2024-04-19,1946.4454620000001,337257.92000000004,3065.0228571428574,118.04025999999999,35,66,Greed
2024-04-20,0.0,60733.24,285.09828863636363,121.289047,22,66,Greed
2024-04-22,0.0,47993.61,3202.222222222222,16.797764,9,73,Greed
2024-04-23,1119.536196,233054.9,2616.430871212121,71.308476,66,71,Greed
2024-04-24,279.185907,141275.24,3230.17,49.446315999999996,20,72,Greed
2024-04-25,0.0,120241.01,251.67034283783786,160.159512,74,72,Greed
2024-04-26,0.0,4988.290000000001,0.12152,1.745898,3,70,Greed
2024-04-27,4281.488139,154264.47,3258.651851851852,53.99255,27,67,Greed
2024-04-28,0.0,43985.6,451.9867443103448,15.394946,58,65,Greed
2024-04-29,526.9338359999999,108699.01,2245.884760888889,38.04463,45,67,Greed
2024-04-30,0.0,125018.75,3023.15,43.75655,24,67,Greed
2024-05-01,0.0,87025.45,2916.8142857142857,30.458908,14,54,Neutral
2024-05-03,5306.017045,282682.64999999997,1960.4601549999998,98.910681,36,48,Neutral
2024-05-04,0.0,58998.75,2089.1695403333333,20.649559,9,67,Greed
2024-05-05,0.916,24068.350000000002,2099.545833333333,8.412778,6,69,Greed
2024-05-06,968.59038,206016.43,3109.866666666667,72.105746,9,71,Greed
2024-05-07,883.537693,108717.58,1715.215231,38.039061,18,68,Greed
2024-05-08,1.56576,65973.57,2312.7117384615385,23.076826,13,64,Greed
2024-05-09,1147.595856,221966.12,2667.6832657142854,77.688132,28,55,Greed
2024-05-10,2101.741695,156882.0,2946.254545454545,54.90869,22,66,Greed
2024-05-11,251.604742,63248.95,2922.511111111111,22.137125,9,53,Neutral
2024-05-12,0.0,55179.56,1272.34931,19.312829,23,56,Greed
2024-05-13,2136.853859,193118.9,2635.7705885714286,67.591599,28,57,Greed
2024-05-14,1150.5233050000002,145853.4,2912.1304347826085,51.048685,23,66,Greed
2024-05-15,948.970582,234922.57,2930.625,82.222887,36,64,Greed
2024-05-16,214.5898,162620.96,2656.364285925926,56.91732,27,70,Greed
2024-05-18,3522.3946610000003,126303.14,3123.796,44.206092,25,73,Greed
2024-05-19,0.0,29998.09,3079.425,10.499327000000001,8,72,Greed
2024-05-20,-74.818442,38124.75,2156.14175,13.343662,10,70,Greed
2024-05-21,7289.397571999999,1100948.59,14134.35288,385.331944,125,76,Extreme Greed
2024-05-22,0.0,44995.29,3733.3333333333335,15.748349000000001,6,76,Extreme Greed
2024-05-23,413.347329,401850.6,1108.603136243077,113.43007899999999,325,76,Extreme Greed
2024-05-24,821.949278,50811.899999999994,3844.4,17.784165,2,74,Greed
2024-05-25,14.126038999999999,29991.129999999997,469.7218425,10.246887000000001,16,76,Extreme Greed
2024-05-26,778.6839,53976.67,496.56757500000003,18.768190999999998,16,75,Extreme Greed
2024-05-27,1129.35587,151115.72,33.197340745019915,45.832466,251,74,Greed
2024-05-29,277.791953,84268.76,4235.211447786585,36.876599,164,72,Greed
2024-05-30,20.951433,2838.09,20348.618645714287,0.993326,7,73,Greed
2024-05-31,25.35812,3636.14,2.152072923076923,1.272646,13,73,Greed
2024-06-01,91.510419,12834.62,1.1308718,4.492106,25,72,Greed
2024-06-02,192.906947,29464.51,1.0599227956989248,7.792912,93,73,Greed
2024-06-03,562.808208,21466.86,1.3030562857142858,5.378086,70,73,Greed
2024-06-04,52.211438,24243.41,13394.864554716982,7.432953,53,73,Greed
2024-06-05,56.055506,25350.77,2682.9926944444446,7.1040600000000005,54,75,Extreme Greed
2024-06-06,274.173187,137557.76,30.647596965811967,37.079424,234,78,Extreme Greed
2024-06-07,8902.467416,1098588.76,1232.3513694545454,372.962664,440,77,Extreme Greed
2024-06-08,129.13883900000002,97351.88,10513.408993103449,34.073137,29,72,Greed
2024-06-09,0.0,22410.22,1091.865705882353,7.515775,17,75,Extreme Greed
2024-06-10,31.266804999999998,46587.93,280.7776811320755,14.696328000000001,53,72,Greed
2024-06-11,4320.631811,373279.92,8924.726208861788,129.928213,123,74,Greed
2024-06-12,-21886.531493,193407.96,1364.4425952755905,63.921417,254,72,Greed
2024-06-13,6632.757115,132577.22,180.8725936708861,33.39975,79,70,Greed
2024-06-14,10258.592609,139868.66,1759.0960645161292,38.954076,31,74,Greed
2024-06-15,3369.958346,718350.25,2138.914496153846,251.422549,78,74,Greed
2024-06-16,0.0,25235.079999999998,4.114990909090909,8.832277,11,71,Greed
2024-06-17,10599.502375,368380.12,1595.9607578947368,128.93302500000001,38,71,Greed
2024-06-18,282.57636,263314.79,2787.8253600000003,67.160258,25,74,Greed
2024-06-19,4887.656944,417071.12,1563.7263098360656,138.851743,61,64,Greed
2024-06-20,57478.456026,207990.8,374.05558,13.46905,39,60,Greed
2024-06-21,773.5582039999999,176264.49,877.39821875,61.277099,80,63,Greed
2024-06-22,756.876565,169594.27000000002,1765.2402375,40.533382,24,53,Neutral
2024-06-23,0.0,1792.12,3.09,0.17921199999999998,5,55,Greed
2024-06-24,0.0,403002.8,2708.8659548387095,103.551001,31,51,Neutral
2024-06-25,4869.353105,103099.08,3.248285714285714,36.084651,49,30,Fear
2024-06-26,4197.732182,365190.66000000003,1472.1298,127.5543,72,46,Neutral
2024-06-27,0.0,130486.95,1362.6499733333333,45.556012,30,40,Fear
2024-06-29,6150.326145,280095.11,767.398007192,460.295231,75,30,Fear
2024-06-30,0.0,30520.69,724.8069907142857,17.057669,14,47,Neutral
2024-07-01,5065.839308,362670.14999999997,1312.7375605675,425.323025,64,53,Neutral
2024-07-02,2421.253116,33347.47,3.4119444444444444,11.458730000000001,18,51,Neutral
2024-07-03,1118.387284,179600.66,2039.0916666666667,62.628682,18,50,Neutral
2024-07-04,0.0,430568.01,2795.886,113.02464499999999,25,44,Fear
2024-07-05,0.0,272289.89,1837.889625,95.130717,32,29,Fear
2024-07-06,108.87217799999999,2490.17,1.10232597125,344.35416,24,26,Fear
2024-07-07,61.428942,498.75,3.9900000000000007,0.049875,10,29,Fear
2024-07-08,0.0,497.64,3.19,0.0156,1,28,Fear
2024-07-09,648.984412,2736.45,4.546446666666666,0.39756800000000003,15,27,Fear
2024-07-10,11977.734907,687900.21,2410.4582857142855,240.76504,56,28,Fear
2024-07-11,1876.812082,169887.02,3151.1421052631576,59.460443,19,29,Fear
2024-07-12,1412.314654,89582.97,1621.380905263158,31.354029,19,25,Fear
2024-07-13,2913.617837,139189.19,2416.179635294118,48.71621,17,25,Fear
2024-07-14,0.0,84001.13,3194.1857142857143,29.400389,7,33,Fear
2024-07-15,-1.0,198344.85,2752.5296153846157,68.995769,26,52,Neutral
2024-07-16,0.0,144000.57,3446.881818181818,50.400180999999996,22,65,Greed
2024-07-17,1859.269477,626005.53,92.99230740740741,206.601913,351,69,Greed
2024-07-18,3803.884311,649704.85,2995.8028266666665,227.396664,60,61,Greed
2024-07-19,2155.891114,150269.42,8050.626695652173,52.594288,23,60,Greed
2024-07-20,2299.169566,244362.21,124.94923650375941,80.758418,266,74,Greed
2024-07-21,-2960.716887,234307.46,27.973419642857145,64.72334,448,74,Greed
2024-07-22,1517.119876,304213.8,481.8778051948052,97.459536,154,70,Greed
2024-07-23,89890.302206,358526.54,23.578924594594596,59.243126000000004,370,71,Greed
2024-07-24,625.561479,69207.93,115.88352861011111,55.067279,90,69,Greed
2024-07-25,916.7382600000001,528555.31,2688.136446210769,224.185916,78,68,Greed
2024-07-26,2766.513113,548587.65,826.2452972302632,206.567015,152,68,Greed
2024-07-27,6400.623656,905199.75,2922.802513681579,316.819894,57,72,Greed
2024-07-28,587.29903,43254.68,607.7397125,15.139122,16,71,Greed
2024-07-29,330.80445399999996,327199.14,48349.08078974359,114.519684,39,74,Greed
2024-07-30,0.0,36006.47,3295.4833333333336,12.602264,6,67,Greed
2024-07-31,765.690884,84506.54,256.78039232558143,29.577267000000003,43,61,Greed
2024-08-01,167.080017,227774.53,18740.473002526316,108.095036,57,52,Neutral
2024-08-02,782.3681909999999,396320.37,14406.321016984128,145.520462,63,57,Greed
2024-08-03,464.1897,290532.86,2718.8256902127027,108.653106,37,37,Fear
2024-08-04,-122672.000883,1207744.07,11138.705859755904,445.902235,127,34,Fear
2024-08-05,-13013.665169,420495.4,14847.670722625,202.719158,80,26,Fear
2024-08-06,267.318048,61478.38,1056.048024274299,62.621279,107,17,Extreme Fear
2024-08-07,188.789255,2492.77,1.594288883939394,3.7522038,33,29,Fear
2024-08-08,-40.712216999999995,16299.35,520.3884688888888,6.647995,9,20,Extreme Fear
2024-08-09,18082.071276,503204.86,4675.996384345139,185.25438068,144,48,Neutral
2024-08-10,0.0,11339.29,1.8675185526136362,50.0831879,88,40,Fear
2024-08-11,847.7766200000001,44230.21,892.9076233333334,40.931287,24,39,Fear
2024-08-12,858.6705000000001,54167.32,855.5521279583332,36.071895,48,25,Fear
2024-08-13,212.08102,20797.87,458.5604338260869,17.932876999999998,23,31,Fear
2024-08-14,2168.9015130000003,66710.03,971.82196148,46.493106,25,30,Fear
2024-08-15,0.0,1522.3700000000001,0.032253416666666666,16.50261,12,29,Fear
2024-08-16,825.230544,166382.84,13243.149667228572,81.187942,35,27,Fear
2024-08-17,-288.283113,30248.96,0.17191166666666666,17.096539,30,25,Fear
2024-08-18,307.201888,62804.48,2467.2810786666664,21.981557000000002,15,31,Fear
2024-08-19,339.69958299999996,100315.03,58542.625,35.110258,8,28,Fear
2024-08-20,192.602844,49914.8,1739.2645333333332,17.470174,12,30,Fear
2024-08-21,656.200925,104990.41,141.46601248275863,36.746583,145,26,Fear
2024-08-23,1005.30527,63509.56,2683.83,22.228341999999998,10,34,Fear
2024-08-24,0.0,34999.67,46230.142857142855,12.249882,7,56,Greed
2024-08-25,0.0,21950.28,19585.087261176468,26.303603,17,54,Neutral
2024-08-26,231.236918,92611.27,2263.875,32.302932,6,55,Greed
2024-08-27,0.0,70250.16,372.7858502784,52.053552,50,48,Neutral
2024-08-28,1333.359645,71160.06999999999,15309.777777777777,24.906026,9,30,Fear
2024-08-29,0.0,9995.85,60802.0,3.498547,1,29,Fear
2024-08-30,256.464,37233.24,11097.769382833334,13.031175999999999,6,34,Fear
2024-08-31,10.882801,107507.43000000001,11030.937086423235,39.955315,34,29,Fear
2024-09-01,137.433093,12359.68,44.57331249999999,4.325861,12,26,Fear
2024-09-02,0.0,30000.42,2426.1,10.500148,2,26,Fear
2024-09-04,1065.785132,131480.97,5402.028013264706,63.570226999999996,34,27,Fear
2024-09-05,0.0,0.84,7.79e-05,0.0,1,29,Fear
2024-09-06,-1104.856765,39047.1,215.73034285714286,13.666476,42,22,Extreme Fear
2024-09-08,0.0,0.11,0.11756,0.0,1,29,Fear
2024-09-09,0.0,4014.4300000000003,0.0115,34.9079,2,26,Fear
2024-09-10,-219.729659,2547.28,1557.6705000000002,7.2904,3,33,Fear
2024-09-11,0.0,0.54,1.5e-05,0.0,1,37,Fear
2024-09-14,0.0,1014.8000000000001,0.010652363636363637,30.381330000000002,11,50,Neutral
2024-09-18,-878.684794,13633.5,3.120756620689655,31.732943,145,45,Neutral
2024-09-19,0.0,1521.8700000000001,0.9843423684210526,28.60766,19,49,Neutral
2024-09-20,9585.03428,332873.38,17153.90225,109.317031,16,54,Neutral
2024-09-21,36165.56933,165648.12,4.30038695652174,57.976841,23,54,Neutral
2024-09-22,0.0,19999.739999999998,62701.0,6.999907,3,52,Neutral
2024-09-23,334.760796,40334.29,63672.0,14.117002000000001,2,50,Neutral
2024-09-24,0.0,7118.63,0.4286068,12.966142,10,54,Neutral
2024-09-25,0.0,52754.130000000005,42295.14844444444,17.764677,9,59,Greed
2024-09-26,439.812513,113711.93000000001,24173.9921375,31.348204,8,50,Neutral
2024-09-27,0.0,126097.04,11807.956114285715,37.503311,56,61,Greed
2024-09-28,0.0,29199.21,4.101,2.8031200000000003,4,64,Greed
2024-09-30,2710.626288,214669.85,6063.712550943396,65.637576,106,61,Greed
2024-10-01,0.0,139954.32,62044.5,48.98401,4,50,Neutral
2024-10-02,0.0,99954.34,60911.0,34.984016999999994,4,42,Fear
2024-10-03,100.375782,132935.69,26799.238066666665,46.527491000000005,9,37,Fear
2024-10-04,0.0,0.34,0.0011,0.0,1,41,Fear
2024-10-05,5767.161892,605605.74,60568.594601856756,211.961771,37,49,Neutral
2024-10-06,130.487079,300130.56,62166.40909090909,105.045693,22,50,Neutral
2024-10-07,0.0,219984.65,63684.42857142857,76.994616,21,50,Neutral
2024-10-08,5396.546638,434584.13,58825.33341509444,152.10422,36,49,Neutral
2024-10-09,396.06272,220399.93,61800.92857142857,77.139967,14,49,Neutral
2024-10-10,0.0,300024.33999999997,59323.25,105.00851,16,39,Fear
2024-10-11,8885.327477,488904.19,59195.38462157692,171.116194,26,32,Fear
2024-10-12,541.55471,159713.4,62726.0,55.899685,10,49,Neutral
2024-10-13,0.0,60002.42,62778.2,21.000841,10,50,Neutral
2024-10-14,1913.61958,61916.020000000004,64693.8,21.670604,5,48,Neutral
2024-10-15,1170.2260760000001,81173.36,66652.28571428571,28.410673,7,65,Greed
2024-10-16,219.480876,80229.17,67576.54545454546,28.080204000000002,11,73,Greed
2024-10-17,36.11496,140531.75,67400.11111111111,49.186107,9,71,Greed
2024-10-18,333.219141,120331.43000000001,67397.0,42.115998,6,73,Greed
2024-10-19,0.0,99996.86,68391.25,34.998901000000004,4,72,Greed
2024-10-20,389.155797,176447.86000000002,4280.33074875,59.257459,96,73,Greed
2024-10-21,2464.915564,324117.99,4316.762150867052,109.858043,173,72,Greed
2024-10-22,0.0,60000.36,67047.0,21.000124,3,70,Greed
2024-10-23,-46.489941,210006.07,30954.322222222225,73.502111,18,71,Greed
2024-10-25,13235.862071,427883.18,56633.085333333336,143.841914,30,72,Greed
2024-10-27,666.6623079999999,90664.41,67737.75,31.73254,4,74,Greed
2024-10-28,167.28016200000002,121495.25,52838.49888384615,42.27334,13,72,Greed
2024-10-29,801.170876,613267.8099999999,51081.13156396226,214.643714,53,72,Greed
2024-10-30,9.150023,11830.85,646.6885008,3.596988,25,77,Extreme Greed
2024-10-31,1214.043811,896173.36,42753.894183125,312.710928,48,77,Extreme Greed
2024-11-01,1040.475736,260981.03,27379.532136956524,90.654875,23,75,Extreme Greed
2024-11-02,0.0,40000.0,68880.0,13.999997,2,72,Greed
2024-11-03,0.0,129055.66,45208.04899166667,40.404152,6,74,Greed
2024-11-04,2799.410474,451811.97,49681.014294444445,158.13418000000001,36,70,Greed
2024-11-05,678.4759280000001,200627.23,67511.4,70.219524,10,70,Greed
2024-11-06,2817.83723,123906.9,58370.23423933333,43.36741,15,70,Greed
2024-11-07,4493.353136,111335.3,1338.6989985840708,26.17844238,113,77,Extreme Greed
2024-11-08,-64.41354100000007,270700.44,46749.91446666667,93.87825699999999,39,75,Extreme Greed
2024-11-09,102.90894,193384.41,8015.27303244186,66.18450299999999,86,75,Extreme Greed
2024-11-10,991.114334,413636.7,22619.335545589594,142.313546,173,78,Extreme Greed
2024-11-11,6749.630996,1570572.42,6882.198738908847,396.91055,373,76,Extreme Greed
2024-11-12,3494.399394,1226354.52,33638.82797450292,427.904853,171,80,Extreme Greed
2024-11-13,7846.402274,515336.37,46411.560992520834,179.184068,48,84,Extreme Greed
2024-11-14,4563.509225,1008361.81,33402.97117528182,335.028802,110,88,Extreme Greed
2024-11-15,4140.740438,1427858.42,47181.7405247651,466.427513,149,80,Extreme Greed
2024-11-16,2769.521909,303296.07,8005.464557764331,100.171303,157,86,Extreme Greed
2024-11-17,882.975285,1215987.57,13599.930072669855,271.111689,209,90,Extreme Greed
2024-11-18,4470.815187,2084339.58,13431.133118797688,445.104339,346,83,Extreme Greed
2024-11-19,2958.268991,628031.15,15993.576337872131,201.486933,305,90,Extreme Greed
2024-11-20,4210.0928969999995,1999514.1199999999,9792.793397765454,644.057369,550,83,Extreme Greed
2024-11-21,1692.430891,598300.62,7300.062138975701,198.628267,535,82,Extreme Greed
2024-11-22,-18105.345617,1646713.62,9893.695111284242,436.439059,679,94,Extreme Greed
2024-11-23,2901.531638,516245.68,4723.455523900826,154.621867,363,93,Extreme Greed
2024-11-24,945.550386,664952.28,19953.478843476743,202.583126,172,80,Extreme Greed
2024-11-25,5523.740734,937410.87,14680.957598172548,283.779701,255,82,Extreme Greed
2024-11-26,1094.809359,1146902.44,10192.743361337749,311.298478,302,79,Extreme Greed
2024-11-27,-2654.495633,1444242.53,19940.432149488264,439.714536,213,75,Extreme Greed
2024-11-28,-127075.39958499999,1894225.15,4420.7387338072285,315.582009,332,77,Extreme Greed
2024-11-29,176844.994152,794262.91,1859.8201062210942,192.45173557,393,78,Extreme Greed
2024-11-30,37316.69352,1732193.7,3435.1424477873725,552.3753395,373,84,Extreme Greed
2024-12-01,40886.364494,814711.82,6389.235122030456,245.38375138,416,81,Extreme Greed
2024-12-02,18489.604313,585243.56,6137.360651434223,147.88781359,270,80,Extreme Greed
2024-12-03,23576.539285,1084666.53,2354.399729529412,330.57309170999997,374,76,Extreme Greed
2024-12-04,292891.815021,769287.65,3922.991142316614,172.60641765,319,78,Extreme Greed
2024-12-05,71574.11848800001,1256750.79,4881.7428253070175,352.76572323,456,84,Extreme Greed
2024-12-06,-92624.643895,3471019.22,15604.850347196028,691.99378587,403,72,Greed
2024-12-07,85906.279067,451733.42,1359.7200135328949,108.4520379,304,75,Extreme Greed
2024-12-08,15965.933436,932939.72,1787.932218347619,234.17888346,420,79,Extreme Greed
2024-12-09,6310.967676,983949.68,3534.2818935269015,174.77343643,539,78,Extreme Greed
2024-12-10,39325.770231,3150424.08,2885.2128903966163,453.54068535,1596,78,Extreme Greed
2024-12-11,319051.554217,2194098.33,4356.6742505249795,413.50923006,1221,74,Greed
2024-12-12,599151.795008,4557189.87,2265.6843708274846,698.96545151,1932,83,Extreme Greed
2024-12-13,31935.901745,2880824.64,4577.503724812446,453.22737636,1173,76,Extreme Greed
2024-12-14,167801.399244,2369561.78,2159.9074581732793,232.09144503,1235,83,Extreme Greed
2024-12-15,97525.315279,2583269.81,1595.8074837011786,231.33057037999998,1697,80,Extreme Greed
2024-12-16,166774.344133,2740808.97,3014.2459456306633,402.150056,1055,83,Extreme Greed
2024-12-17,219591.305172,5233597.63,1052.0018582095724,746.14038598,1941,87,Extreme Greed
2024-12-18,13682.994673,3798887.07,5035.001314213366,691.44797021,1429,81,Extreme Greed
2024-12-19,62744.004486000005,8241709.39,2950.7475688442946,1056.23317908,3339,75,Extreme Greed
2024-12-20,254969.660039,7681274.71,1281.1534623320258,1210.83830578,2488,74,Greed
2024-12-21,150022.163157,4382875.12,3657.2952470862583,680.39159713,1681,73,Greed
2024-12-22,352197.163973,3087320.22,1463.3598931589147,333.05684453,774,73,Greed
2024-12-23,-29430.626577,6771878.26,1741.0217452281254,1200.89694657,2347,70,Greed
2024-12-24,14813.780116,1767036.11,11362.672453045592,386.78244023,338,73,Greed
2024-12-25,756.6570469999998,347889.35,3392.6270428030766,66.51878221999999,208,73,Greed
2024-12-26,60228.639722,2205242.65,4755.660897423242,523.35899848,697,79,Extreme Greed
2024-12-27,2672.811035,347913.0,13201.857670753847,88.5556466,260,74,Greed
2024-12-28,940.673623,281555.01,4138.285644782609,48.40849263,161,72,Greed
2024-12-29,2884.067927,344628.54,7062.877761626865,72.1173571,201,73,Greed
2024-12-30,9009.738137,1073865.73,12587.64033930592,284.90632048,304,65,Greed
2024-12-31,5445.01281,877164.62,28739.599964186276,266.51641113,306,64,Greed
2025-01-01,-9528.065345,282582.1,8822.579264114584,31.60438221,96,66,Greed
2025-01-02,8716.519087,774674.84,10094.891613861495,176.13969323,361,70,Greed
2025-01-03,6028.486793,771208.99,9803.075828159448,210.99783681,508,74,Greed
2025-01-04,2553.537968,1826029.6199999999,7797.149899172507,233.711971,371,73,Greed
2025-01-05,3187.719363,451943.57,7824.165539405858,139.34161097,239,72,Greed
2025-01-06,6064.185393,556526.99,7217.135723097731,174.93108825,573,76,Extreme Greed
2025-01-07,16098.227531,1313178.1,9068.043705916796,303.38645263,637,78,Extreme Greed
2025-01-08,130117.090554,3177275.18,6518.9895779990375,696.91291038,1039,70,Greed
2025-01-09,46975.928902,1020733.25,6362.8980927356315,275.51377943,522,69,Greed
2025-01-10,-10116.875552,6547449.68,31588.405895721615,2094.17917505,819,50,Neutral
2025-01-11,2269.080536,1658098.71,30131.135140431095,494.64797735,283,69,Greed
2025-01-12,5742.241803,2258459.17,12893.280709518272,612.0827527,602,62,Greed
2025-01-13,9655.429352,2936648.0100000002,29317.207596281864,863.10012478,408,61,Greed
2025-01-14,16069.512355,876581.97,21343.217767563634,240.59104948,275,63,Greed
2025-01-15,14819.5883,1801599.8900000001,28411.1857780412,513.60899482,267,70,Greed
2025-01-16,20807.709328,3049692.96,30076.24313476011,890.56916796,371,75,Extreme Greed
2025-01-17,7006.415608,1110230.46,8905.736269495797,351.41464889,238,75,Extreme Greed
2025-01-18,443.2330819999997,2711629.88,9620.95311349616,815.9342014599999,651,77,Extreme Greed
2025-01-19,87923.799302,9715215.3,6104.771320986599,2162.35563971,1567,77,Extreme Greed
2025-01-20,87277.239173,8287327.01,16330.118057409887,2207.65981966,1315,76,Extreme Greed
2025-01-21,11077.839421,1523729.82,19761.02999872815,398.3042653,530,76,Extreme Greed
2025-01-22,20524.408057,1778406.43,8344.303495522838,471.17013976,832,84,Extreme Greed
2025-01-23,101256.24216,3697028.66,6983.956473275615,1088.34986968,1218,75,Extreme Greed
2025-01-24,10602.779738,1611433.45,5079.286193251716,338.6436011,874,75,Extreme Greed
2025-01-25,-10348.016255999999,1239377.7,3985.267088405138,318.93376206,506,75,Extreme Greed
2025-01-26,40823.466668,1201173.66,18.065921855875832,382.25815423,451,73,Greed
2025-01-27,41331.765392,1508028.31,11661.276710637774,406.25916743,773,71,Greed
2025-01-28,17979.613973,579412.17,6429.960821865462,124.71028463,498,72,Greed
2025-01-29,23421.01147,1897513.41,581.4878012956043,612.52114509,910,72,Greed
2025-01-30,23097.471385,3014397.17,8261.57404625867,874.65111573,1067,70,Greed
2025-01-31,35868.296773,2783411.48,6716.441229059054,670.93805151,1016,76,Extreme Greed
2025-02-01,32300.205017,1363746.44,4211.306208217666,285.47738189,634,68,Greed
2025-02-02,162854.759623,5661092.29,5409.088864621683,1184.12208921,1319,60,Greed
2025-02-03,348871.326269,22592901.37,4859.416197735714,2991.56562406,2380,44,Fear
2025-02-04,416876.88812,15678409.27,15703.124947818073,3853.77856394,2512,72,Greed
2025-02-05,56706.235562,8743231.51,21926.164488164224,1335.74961667,1297,54,Neutral
2025-02-06,33803.799733,2818508.87,2869.875065266001,709.13035861,1703,49,Neutral
2025-02-07,22450.002091,3460263.54,23967.33330591798,738.0892383400001,1524,44,Fear
2025-02-08,586.703253,839734.97,17096.856943027826,109.97628618,575,44,Fear
2025-02-09,150551.829492,2920919.7,1661.4545370450262,427.36182496,764,46,Neutral
2025-02-10,63908.49465,3624958.44,34318.415525228345,491.3623421,889,43,Fear
2025-02-11,-6093.784817,2797544.17,19989.86707794811,476.43012785,848,47,Neutral
2025-02-12,19848.635032,4143974.54,20122.266069995152,1099.15503114,1031,46,Neutral
2025-02-13,27829.534238,3199852.21,19088.377477377373,823.48748402,1370,50,Neutral
2025-02-14,213860.675308,4007103.42,20052.512642015045,961.57771575,1655,48,Neutral
2025-02-15,45042.92701,1712852.95,11469.872673227468,374.08731802,932,50,Neutral
2025-02-16,2369.478425,806177.64,3744.413148171806,171.57200528,681,54,Neutral
2025-02-17,1818.573295,2031044.64,4732.56718405526,253.48675564,941,51,Neutral
2025-02-18,91204.672403,3371128.68,6687.4516690757755,609.53940291,1676,47,Neutral
2025-02-19,14985.794701,3263930.24,18063.043201803306,688.4874495,1361,44,Fear
2025-02-20,46008.794102,4628609.29,16106.864259217198,1232.46402475,2012,49,Neutral
2025-02-21,119693.49395,3972159.88,15982.61099378804,829.71831377,1873,55,Greed
2025-02-22,25278.704178,3175570.2,16330.238533271136,880.16463397,686,49,Neutral
2025-02-23,10656.934251,1141310.74,6653.326019425,230.00271917,520,50,Neutral
2025-02-24,38470.176242,11223619.59,415.2820556340812,2097.96443324,5616,49,Neutral
2025-02-25,204762.177034,19414984.36,1141.5425229423631,3186.61506431,6246,25,Fear
2025-02-26,63229.063129,4946958.13,1021.7923438341836,754.17254667,1176,21,Extreme Fear
2025-02-27,-36525.167517,1999898.43,3783.741142521348,512.14597331,890,10,Extreme Fear
2025-02-28,225628.108748,4123660.77,2374.567007783121,878.39826396,1019,16,Extreme Fear
2025-03-01,10596.108968,263824.13,3119.315583793103,37.06354539,174,20,Extreme Fear
2025-03-02,66914.320708,6460848.74,9371.077831221804,1931.69694201,532,26,Fear
2025-03-03,616413.032233,8244590.38,3500.2799614203777,1040.56404242,1482,33,Fear
2025-03-04,182075.566585,11124247.15,2545.786879941715,2220.33648528,2402,15,Extreme Fear
2025-03-05,269328.365917,9193654.22,3657.355850823494,2321.32151085,1660,20,Extreme Fear
2025-03-06,16101.125561,6765324.96,5795.717284914474,1306.61716326,760,25,Fear
2025-03-07,150236.061627,19854275.48,4468.829034675548,4916.50104687,2552,34,Fear
2025-03-08,24700.773359,892083.51,3131.854198517958,208.339773,529,28,Fear
2025-03-09,19773.457395,10419697.99,806.5426083241913,2377.0639268,1422,27,Fear
2025-03-10,-10010.027269999999,16811790.68,2998.767983825833,3488.37247123,2911,20,Extreme Fear
2025-03-11,-76880.729036,14016952.09,2341.3900885374314,2441.08024204,3286,24,Extreme Fear
2025-03-12,288105.984215,18618139.15,4000.6491172159776,3658.41357197,3968,34,Fear
2025-03-13,14114.870873,3285591.22,5443.617843656964,809.18670717,962,45,Neutral
2025-03-14,68646.160089,8047187.16,4004.7944216610863,1193.48707492,2210,27,Fear
2025-03-15,78694.624572,2355749.54,23597.128657252873,574.332888,261,46,Neutral
2025-03-16,-7910.943544999999,10187921.51,50519.7275055283,2442.48300218,530,30,Fear
2025-03-17,26163.906513,3592895.05,9535.147864272825,807.74000798,920,32,Fear
2025-03-18,72322.788824,4050655.47,11904.990233124701,857.936131,834,34,Fear
2025-03-19,29374.682341,4598813.57,15006.281201493797,784.4900710184,1612,32,Fear
2025-03-20,10246.859436,1652257.93,2358.06017454345,329.235446,771,49,Neutral
2025-03-21,6951.270374,2543903.39,4097.717261760745,633.46068283,698,31,Fear
2025-03-22,12498.535254,971809.42,3803.037827611215,268.83480197,535,32,Fear
2025-03-23,14047.421585,2593519.67,5709.453012297539,597.21601403,447,30,Fear
2025-03-24,107878.961301,3017587.05,3414.229185942551,531.10535137,1027,45,Neutral
2025-03-25,32030.90678,5372519.77,11769.79868919722,1401.35398577,791,46,Neutral
2025-03-26,15802.167427,7597754.37,1063.4996657601548,1796.80351609,3102,47,Neutral
2025-03-27,58825.359221,3240279.46,9118.37818057707,714.0241193,785,40,Fear
2025-03-28,21337.179335,1483092.61,7612.338172063187,389.28339505,728,44,Fear
2025-03-29,12098.872931,3668151.83,2414.803543719641,839.84451462,1894,26,Fear
2025-03-30,15795.11514,2850874.96,7603.879054272887,759.07175327,568,32,Fear
2025-03-31,6978.184557,2164772.4699999997,8426.110126818183,482.00163111,495,34,Fear
2025-04-01,-2202.6622420000003,704445.1900000001,11425.36599246875,162.93599482,192,34,Fear
2025-04-02,202212.740938,3867930.6,7414.856134767658,1181.2230379,1076,44,Fear
2025-04-03,-2365.961276,8670233.15,4420.623526697368,1337.1188527,1748,25,Fear
2025-04-04,-25515.678949999998,3835545.73,4732.811766900943,836.063409361,1272,28,Fear
2025-04-05,35907.33771,1267564.22,10940.511464127778,282.060344,360,30,Fear
2025-04-06,47053.449272,3551252.06,4081.8439489007637,618.4359126335,1048,34,Fear
2025-04-07,34527.370305,14460253.14,10523.865138202558,2766.5551014029,2814,23,Extreme Fear
2025-04-08,34899.394798,8869391.4,31685.96511792683,2274.97769106,943,24,Extreme Fear
2025-04-09,43120.444797,28556806.47,13917.529131650617,6111.274358194,3967,18,Extreme Fear
2025-04-10,158261.822261,28741953.29,39246.50578036154,6868.556500782,2127,39,Fear
2025-04-11,126406.479081,11319327.07,18896.037772089418,2174.4390780901,1096,25,Fear
2025-04-12,410419.694533,55914617.49,52901.409214082974,11517.596374457,2109,43,Fear
2025-04-13,48696.021521,14171154.79,32683.551292376986,2568.3362202649,1321,45,Neutral
2025-04-14,45680.443063,13079972.98,32893.321598730334,2023.157718567,890,31,Fear
2025-04-15,72357.706282,20752168.24,63863.56281482317,1866.90475939,1131,38,Fear
2025-04-16,58631.730257,36502715.9,48069.123414856964,5997.61790529,1608,29,Fear
2025-04-17,5427.919886,2604551.51,1747.3123040737148,519.20873692,1031,30,Fear
2025-04-18,4880.4047439999995,24610650.46,15666.24511019377,4667.32793177,1894,33,Fear
2025-04-19,71950.577495,32706462.71,16014.825865230438,6480.62633269,2786,32,Fear
2025-04-20,25060.341936,12126094.05,7953.09440782997,1887.3296081058,1982,37,Fear
2025-04-21,34369.267906999994,42104054.84,41859.99143913446,6356.09106388,1718,39,Fear
2025-04-22,58652.763578,33753625.24,15070.37095092762,5749.685751,2998,47,Neutral
2025-04-23,-419020.225731,30682443.79,12725.948066658386,7342.08084188,6159,72,Greed
2025-04-24,50704.395965,35088918.64,42081.60551729973,7366.5003199353005,2232,63,Greed
2025-04-25,20218.859206,27749455.78,33876.77419571567,6299.0932547382,1653,60,Greed
2025-04-26,-4125.753942,11948127.77,24357.80254500265,2652.30675352,1131,65,Greed
2025-04-27,2702.067468,487537.69,13133.751885486648,55.9267726562,337,61,Greed
2025-04-28,36906.813759,26124921.49,58469.14186169688,6007.2514035301,1379,54,Neutral
2025-04-29,125749.613427,34089511.66,28548.785993098085,5149.2952871531,2243,60,Greed
2025-04-30,14003.797269,12693878.85,35649.303644469,2950.1837728755,1113,56,Greed
2025-05-01,54536.829297000004,10720240.52,12672.104182341463,2652.6136779658,1230,53,Neutral
